{
  "train_loss": [
    1.2914066255807807e+27,
    4.6852603104958745e+26,
    1.1767635464728532e+27,
    4.861709764084515e+26
  ],
  "valid_loss": [
    2.3597323274326735e+25,
    2.0112727554352858e+25,
    1.3868320237166053e+25,
    1.1105266477586318e+25
  ],
  "valid_psnr": [
    -58.84599685668945,
    -75.8365650177002,
    -79.32901128133138,
    -74.75960922241211
  ]
}