{
  "train_loss": [
    0.0036099694200966014,
    7116774461741379.0,
    0.006345376036901143,
    6243276.18510901,
    0.010255109772411137,
    97767.98764309326,
    1.2076912707240618e+24,
    2.0441935339085748e+27,
    1.560282471222715e+27,
    2.127744139179805e+27,
    1.1182026350278402e+27,
    1.2041476146747083e+27,
    1.9471760305219306e+27,
    2.0575490076921603e+27,
    1.9673502839565053e+27,
    2.0304564086274227e+27,
    1.0984070177957071e+27,
    9.606059013097225e+26,
    4.365770445933871e+26,
    2.0175175215050654e+27
  ],
  "valid_loss": [
    0.0013999251668792567,
    0.022732928999171176,
    0.01592758635575317,
    0.013240681516191519,
    0.010856154702901088,
    0.010819383286095581,
    2.138535320882583e+26,
    3.902054420591492e+26,
    5.241550328706038e+26,
    6.289183611384813e+26,
    6.533201036869861e+26,
    7.266056828668093e+26,
    7.529430245194207e+26,
    7.428761536258584e+26,
    7.910291185536378e+26,
    8.284035674629461e+26,
    8.325904116091088e+26,
    7.994588212402578e+26,
    8.417835857012412e+26,
    8.829439296739368e+26
  ],
  "valid_psnr": [
    31.20130729675293,
    22.614693641662598,
    26.127709070841473,
    26.167088985443115,
    27.143562698364256,
    26.137290318806965,
    26.124914986746653,
    23.4031583070755,
    19.42579396565755,
    14.4044677734375,
    10.207880887118252,
    6.004958470662435,
    1.4712148813100963,
    -4.389225551060268,
    -9.8875244140625,
    -14.128640174865723,
    -17.418606926413144,
    -21.245939042833115,
    -25.34495745207134,
    -28.344529342651366
  ]
}